label,x,y
deogen2,0.43697,0.94552
fathmm_mkl,0.36541,0.86952
fathmm_xf,0.25407,0.99257
mpc,0.09821,0.95965
primateai,0.06346,0.99836
mutationassessor,0.67893,0.69758
mutationtaster,0.08975,0.81001
polyphen2,0.21116,0.65571
provean,0.23808,0.84315
sift,0.68238,0.7849
sift4g,0.14588,0.83351
vest4,0.24385,0.95256
lrt,0.15008,0.8433
fathmm,0.14531,0.65563
phastcons_100way,0.33123,0.71638
phastcons_30way,0.18525,0.86279
phastcons_p17way,0.37605,0.85391
phylo100way,0.39205,0.95066
phylo17way,0.7674,0.94297
phylo30way,0.78918,0.94714
siphy_29way,0.10814,0.84499
gerp,0.22686,0.98025
bstatistic,0.74355,0.50837
list_s2,0.31049,0.35112